[
  {
    "name": "NID",
    "value": "517=5aJeVN19DJVs4XC3vEXlccAxvlENAkVGDe0eyVoQ0ZnN9MH-hpF4MbZ5v7Ik9jqNgNXol1iska8YtFagbXKJ9yAxu7qVBN_EgDWqJrpAONCVe8qTXdjhe2BgDbr4WUp1b9SHCeneUQuGuAbSH8l_YgfOqzA6TZp8shuju8jYCXeIXFNyxC3FZkE_rw",
    "domain": ".google.com",
    "path": "/",
    "expires": 1741806331.332556,
    "size": 193,
    "httpOnly": true,
    "secure": true,
    "session": false,
    "sameSite": "None",
    "priority": "Medium",
    "sameParty": false,
    "sourceScheme": "Secure"
  },
  {
    "name": "AEC",
    "value": "AVYB7cr1FdsqBAMk06fczqKaaOiF1EzZWWBto-ccVe4cIJvNB0Z3_TMZFA",
    "domain": ".google.com",
    "path": "/",
    "expires": 1741547131.332244,
    "size": 61,
    "httpOnly": true,
    "secure": true,
    "session": false,
    "sameSite": "Lax",
    "priority": "Medium",
    "sameParty": false,
    "sourceScheme": "Secure"
  }
]