[
  {
    "name": "NID",
    "value": "517=SjgrrMPlgQtkPvhTzja2qdqfM50VgzxTBJ9zrL4hgGr2dNj6NNmNCU1fHS4bu4Z6OVHFF7PtPf6jyhknsMBSbebcBWFRNskpIDg-2a4sr1yzFoWfMbwzYOyvegXhWqerfzEnZyhMD20zaPshITqDc24NwL4iSx1jB9j_EgeklGMroyU5AXmohRqI",
    "domain": ".google.com",
    "path": "/",
    "expires": 1741806327.304119,
    "size": 191,
    "httpOnly": true,
    "secure": true,
    "session": false,
    "sameSite": "None",
    "priority": "Medium",
    "sameParty": false,
    "sourceScheme": "Secure"
  },
  {
    "name": "AEC",
    "value": "AVYB7cpZHAOH7VZPpsfVltMu5-gffTrw3NH8uMwgC8P4e5fLPElTLYA9Eg",
    "domain": ".google.com",
    "path": "/",
    "expires": 1741547127.303771,
    "size": 61,
    "httpOnly": true,
    "secure": true,
    "session": false,
    "sameSite": "Lax",
    "priority": "Medium",
    "sameParty": false,
    "sourceScheme": "Secure"
  }
]