[
  {
    "name": "NID",
    "value": "517=cX3Kguo0cnVTssJ-peluv9zUE1Ln99xDOnTZJRcD0PMyJqBL8xtBSmo5DvOTmgV7ec6q4_669IqYbOP-K_MI4SD_W4BaNNKOpSOI65q_EBtckMOUSv4X-yOrId_3pzysGHQfuZeLev7aWq1fwAHhme5JBBxhr-1Vw-F2_6KtZA2_kZ-QsK7RcUnT",
    "domain": ".google.com",
    "path": "/",
    "expires": 1741807124.989219,
    "size": 191,
    "httpOnly": true,
    "secure": true,
    "session": false,
    "sameSite": "None",
    "priority": "Medium",
    "sameParty": false,
    "sourceScheme": "Secure"
  },
  {
    "name": "AEC",
    "value": "AVYB7cqv-ukvtfoxi5X2_6HdVxlXVvSAW_1XYlIoVLUs5RZ0x7_K9g-XVZM",
    "domain": ".google.com",
    "path": "/",
    "expires": 1741547924.988968,
    "size": 62,
    "httpOnly": true,
    "secure": true,
    "session": false,
    "sameSite": "Lax",
    "priority": "Medium",
    "sameParty": false,
    "sourceScheme": "Secure"
  }
]