[
  {
    "name": "NID",
    "value": "517=wZhC587BSLM9yAUYyirSo6nIgOfkgczbU6TUovSNpiSmSfBlMb2IE2-QvFC_b8X0BJWAScMPjs7C9ljBmrcZ1YOXBFCUmEmNl9cZGI2_ieoGLUM4O1w8u9RGnKrHcY8FEh0STS83GT58GX06JMKzGgIdlc4m7tyFC2ae7oeHx_xTratBRn2gY5_liA",
    "domain": ".google.com",
    "path": "/",
    "expires": 1741806354.811263,
    "size": 193,
    "httpOnly": true,
    "secure": true,
    "session": false,
    "sameSite": "None",
    "priority": "Medium",
    "sameParty": false,
    "sourceScheme": "Secure"
  },
  {
    "name": "AEC",
    "value": "AVYB7coUDekOQe0DjnrIc4CvflsfEkypNmx19fXTA8phOqlCH6d_8nahLQ",
    "domain": ".google.com",
    "path": "/",
    "expires": 1741547154.810893,
    "size": 61,
    "httpOnly": true,
    "secure": true,
    "session": false,
    "sameSite": "Lax",
    "priority": "Medium",
    "sameParty": false,
    "sourceScheme": "Secure"
  }
]