[
  {
    "name": "NID",
    "value": "517=ZDTmOPmeGQZENj9PD6h6doda9HsGNktwV8c-KYbn1cncCPawGoDSQ9QDf96hSncPUjCU8if49_kuWKQV3UuAvE4C6vTlOsqHl1MIstMpbcsLSJFU4a6Gb2Rf-_RVXFE03EcFduYxqdDSrR4EQzisNLiMfiwobWf6bkUAdDTzFiTpuqZ9rzmaT8eJPQiv99fLoRY",
    "domain": ".google.com",
    "path": "/",
    "expires": 1741806334.406611,
    "size": 202,
    "httpOnly": true,
    "secure": true,
    "session": false,
    "sameSite": "None",
    "priority": "Medium",
    "sameParty": false,
    "sourceScheme": "Secure"
  },
  {
    "name": "AEC",
    "value": "AVYB7cqy9xrzpKVC7aBbbFoYlkgp5sTiigRWpDSb1b_x6e4dimnVqwbgGA",
    "domain": ".google.com",
    "path": "/",
    "expires": 1741547134.406267,
    "size": 61,
    "httpOnly": true,
    "secure": true,
    "session": false,
    "sameSite": "Lax",
    "priority": "Medium",
    "sameParty": false,
    "sourceScheme": "Secure"
  }
]