[
  {
    "name": "NID",
    "value": "517=jGXaU1lNQ3ftTs39z-KuDXFPk7crSsoMRULWux5-y2LyLst52q40XBmZwWlZ624BgVyhoCCIhTeHy0vmg_u3eRE_ju9ZeoZe0BvXd-i1TQkaOnE-cYIU3_yDth5lBVkKLYf2mUb8wFdhj4ldwqykI-quJpR8YFN3i5QQ7WjLnPnLX1eco1tt6Qn_LA",
    "domain": ".google.com",
    "path": "/",
    "expires": 1741806326.37366,
    "size": 193,
    "httpOnly": true,
    "secure": true,
    "session": false,
    "sameSite": "None",
    "priority": "Medium",
    "sameParty": false,
    "sourceScheme": "Secure"
  },
  {
    "name": "AEC",
    "value": "AVYB7cpn3iuVsVBXAv7eQnNOqjRocmUnJmHUI_-iNGfd4llh9A6xhCHRdQ",
    "domain": ".google.com",
    "path": "/",
    "expires": 1741547126.373283,
    "size": 61,
    "httpOnly": true,
    "secure": true,
    "session": false,
    "sameSite": "Lax",
    "priority": "Medium",
    "sameParty": false,
    "sourceScheme": "Secure"
  }
]