[
  {
    "name": "NID",
    "value": "517=p5q5XY71m6e-2nUjyd_VDkN5dh7dQM7yNGU9QMA8QcvKodI8zIkUiIq9jhvRp_Vor5JWsY96CJYi5iG8gxUdWm-CXrkktPLcYsgIPYNNocBCMjCYrHZm3XM0UjLCG9ouD8LG3uZWcyQEv1yhn5iCZOUJ-q04Pue8sSI6OrNeb5BpvX3fNTxiRMAINw",
    "domain": ".google.com",
    "path": "/",
    "expires": 1741806308.326361,
    "size": 193,
    "httpOnly": true,
    "secure": true,
    "session": false,
    "sameSite": "None",
    "priority": "Medium",
    "sameParty": false,
    "sourceScheme": "Secure"
  },
  {
    "name": "AEC",
    "value": "AVYB7cp1dH5HFzp2EX5rcF1urAN6z3PIzfTWzQ_IJCA-EaTiWYOOj-ezvA",
    "domain": ".google.com",
    "path": "/",
    "expires": 1741547108.325997,
    "size": 61,
    "httpOnly": true,
    "secure": true,
    "session": false,
    "sameSite": "Lax",
    "priority": "Medium",
    "sameParty": false,
    "sourceScheme": "Secure"
  }
]