[
  {
    "name": "NID",
    "value": "517=KnjNOGpkoxVyE5pccO1Le4QE0vRmofhwD5x0XK42AJS398YFMEi7W2Gg-UI9ZsMaBP7AS-agOBn87NgMe8Mfvs_5dqmfjIHjB99QTxg6X4YGEpmxhNakQwWK4PoIzlTZXENkA4EmqqGJ_RcVtuaDKOslPGI8v0FfclGBm2vH9DB9Hf7-VwZtH3gL",
    "domain": ".google.com",
    "path": "/",
    "expires": 1741806311.036867,
    "size": 191,
    "httpOnly": true,
    "secure": true,
    "session": false,
    "sameSite": "None",
    "priority": "Medium",
    "sameParty": false,
    "sourceScheme": "Secure"
  },
  {
    "name": "AEC",
    "value": "AVYB7cou24kk9gJUSHwZNdsnLkxmcs5wa6kOE86BRzx5m9G4CJGYn-efSg",
    "domain": ".google.com",
    "path": "/",
    "expires": 1741547111.036637,
    "size": 61,
    "httpOnly": true,
    "secure": true,
    "session": false,
    "sameSite": "Lax",
    "priority": "Medium",
    "sameParty": false,
    "sourceScheme": "Secure"
  }
]