[
  {
    "name": "NID",
    "value": "517=RE0Pro0FaM98F2rgLDtbIXusv2mm2WTMzyoqUjdluav_SbrS-BSxwnQsyeY-mf0x6gQupZP_VLpxl3Pinrf_O7jsLzs6kKoFfDwSgZb2M4YDpvWoYsa56-4ItTwNPq-WYrmd1uhq98T_SZfZYV8YGqnjcvvAO5c8s7u5O48K1qowX8V8yuRfqZCg2QlVFaJtntU",
    "domain": ".google.com",
    "path": "/",
    "expires": 1741806325.686091,
    "size": 202,
    "httpOnly": true,
    "secure": true,
    "session": false,
    "sameSite": "None",
    "priority": "Medium",
    "sameParty": false,
    "sourceScheme": "Secure"
  },
  {
    "name": "AEC",
    "value": "AVYB7crhKdAaLwvT3SxgwHysmlL0fFdZ18v3hTxkNIZicCkldTwQ2fW2A0M",
    "domain": ".google.com",
    "path": "/",
    "expires": 1741547125.685798,
    "size": 62,
    "httpOnly": true,
    "secure": true,
    "session": false,
    "sameSite": "Lax",
    "priority": "Medium",
    "sameParty": false,
    "sourceScheme": "Secure"
  }
]