[
  {
    "name": "NID",
    "value": "517=F3_BqRPM4887qHSRJqliqjKSnPjlpOhwy77lf-ofi85seoemp6JwaS3cSxRqTDLv_pH96Sgl-MvLdNiPTPvg2FdERC0PiVkVoSeinOuACg1qcMBbaDoaTeASNTWEPCsy0O5JDlPAHarK7mFIbYUGNeUh3jPheYd6Odu_AA2x2y4_JaQoTPTjeR5ODlThObYeDhg",
    "domain": ".google.com",
    "path": "/",
    "expires": 1741806318.074405,
    "size": 202,
    "httpOnly": true,
    "secure": true,
    "session": false,
    "sameSite": "None",
    "priority": "Medium",
    "sameParty": false,
    "sourceScheme": "Secure"
  },
  {
    "name": "AEC",
    "value": "AVYB7cpAC7BUN6p_0Q9JlTzERDqMLvuSL0tPeSctT3yWYsBTL7VmwC-5zA",
    "domain": ".google.com",
    "path": "/",
    "expires": 1741547118.074099,
    "size": 61,
    "httpOnly": true,
    "secure": true,
    "session": false,
    "sameSite": "Lax",
    "priority": "Medium",
    "sameParty": false,
    "sourceScheme": "Secure"
  }
]