[
  {
    "name": "NID",
    "value": "517=dJDHLlPA-1K_jsvoXKGSlqGP9FPKmYV_JPEj1e_9DllR-Lh_6l8CMrT06yKXbg62H7VX9dJ_6pGoRkc1fiQ32Ijo3bjUKTO8alimluh_sslp4fFa-hYf0UMun0GMWkSvF8bHqUd7qfgzqbu11ZK6Sj4CxwYHTVbzD5JeVP6Vml_PAqoR_eYE0GvGsbiYjgbaSyw",
    "domain": ".google.com",
    "path": "/",
    "expires": 1741806802.978488,
    "size": 202,
    "httpOnly": true,
    "secure": true,
    "session": false,
    "sameSite": "None",
    "priority": "Medium",
    "sameParty": false,
    "sourceScheme": "Secure"
  },
  {
    "name": "AEC",
    "value": "AVYB7cpnaoAhkSJf7PPK9ihJsm29JyR4fPOfBEmxqnPQzHooG8ls4kFVRA",
    "domain": ".google.com",
    "path": "/",
    "expires": 1741547602.97818,
    "size": 61,
    "httpOnly": true,
    "secure": true,
    "session": false,
    "sameSite": "Lax",
    "priority": "Medium",
    "sameParty": false,
    "sourceScheme": "Secure"
  }
]