[
  {
    "name": "NID",
    "value": "517=HgeH70TJ9lzmvp2sBO5P3qpsFwFdJ8vddvWjbYc_EB_26DKZiEW844WWDnfJp5MiES5zIP_SshAaWA-Kcb4xDmobTbpaLQKkZHnVlRlubWf56X1kJ5QwFeMpXEuPaN09uxE34HLT8zZ5G7oE5fXp_vLgg_phReuJ-pkMQkvcDCIeHQirjaPvEOa_",
    "domain": ".google.com",
    "path": "/",
    "expires": 1741806801.173361,
    "size": 191,
    "httpOnly": true,
    "secure": true,
    "session": false,
    "sameSite": "None",
    "priority": "Medium",
    "sameParty": false,
    "sourceScheme": "Secure"
  },
  {
    "name": "AEC",
    "value": "AVYB7cpN6EXJ_BxbKJ1i2upKwC0yLrIvVbbPocARmd04hotvCpSInvw4ig",
    "domain": ".google.com",
    "path": "/",
    "expires": 1741547601.173059,
    "size": 61,
    "httpOnly": true,
    "secure": true,
    "session": false,
    "sameSite": "Lax",
    "priority": "Medium",
    "sameParty": false,
    "sourceScheme": "Secure"
  }
]