[
  {
    "name": "NID",
    "value": "517=W3-sTOiXcr17zXOXnYG5ONh5uMzo53L8WkWr15i5SRd5CVhqNWUjbPgpFK5RLuV83TGRBMKfpUSMCOKf66X6qgkIIUEth64KRDtSCDQId9ky4YChhkeGdEzP8Wy6D6gvf-E7HPXn9h1ckZ_nwGDXMiUE6DW2RoPn7SmPLdr22OV_JZP6ITTB9CeB",
    "domain": ".google.com",
    "path": "/",
    "expires": 1741807124.380444,
    "size": 191,
    "httpOnly": true,
    "secure": true,
    "session": false,
    "sameSite": "None",
    "priority": "Medium",
    "sameParty": false,
    "sourceScheme": "Secure"
  },
  {
    "name": "AEC",
    "value": "AVYB7cqGI7WVA8N5OLcCW2wq382F3i7I0h0Xu8np4jEBZEGNSYdG7nK1WgI",
    "domain": ".google.com",
    "path": "/",
    "expires": 1741547924.380188,
    "size": 62,
    "httpOnly": true,
    "secure": true,
    "session": false,
    "sameSite": "Lax",
    "priority": "Medium",
    "sameParty": false,
    "sourceScheme": "Secure"
  }
]