[
  {
    "name": "NID",
    "value": "517=UprSGJw09j85zuj-P5nMYNGJCoP77nwD-NulIslVfxUxmRkp4b3HE7m9jujNJZAG1_8x4NtvLbGY7RuyNC3bsri-o5x88mD7c3HGL8mxVnC3HltJss3Oao4NU-fG4kI8dy9muE8Q2KTWWKhP-oJLxw5jbZnLhQeDlMSQ9zeoSjVWQakRlnOxLu0k86fUdjRTnOc",
    "domain": ".google.com",
    "path": "/",
    "expires": 1741806322.703617,
    "size": 202,
    "httpOnly": true,
    "secure": true,
    "session": false,
    "sameSite": "None",
    "priority": "Medium",
    "sameParty": false,
    "sourceScheme": "Secure"
  },
  {
    "name": "AEC",
    "value": "AVYB7cp4SndpjKz7Zrxj0Afi7qQT8FvisC7WSCSKO71xAdAq4ltZnfAkOWc",
    "domain": ".google.com",
    "path": "/",
    "expires": 1741547122.703175,
    "size": 62,
    "httpOnly": true,
    "secure": true,
    "session": false,
    "sameSite": "Lax",
    "priority": "Medium",
    "sameParty": false,
    "sourceScheme": "Secure"
  }
]