[
    {
      "name": "NID",
      "value": "514=FtLMAo5nOFz1EGOd8H89bCRWqLzeijDu9u4G4jGsaxwOkSIFohiVFfkMbb31HhH9ZWXqWWk6sWdHLOQohfa--Hc8Gc5cGBfgNfmvgQvSHDjncoNvXY423xakquf0ajqwwNEl38W0vjyMkCGUlIxt-kk5-BPjm4fDp9Pq9Tb5DZA",
      "domain": ".google.com",
      "path": "/",
      "expires": 1731875107.099092,
      "size": 178,
      "httpOnly": true,
      "secure": true,
      "session": false,
      "sameSite": "None",
      "sameParty": false,
      "sourceScheme": "Secure",
      "sourcePort": 443
    },
    {
      "name": "__Host-GAPS",
      "value": "1:YDqnQD4lHcMOKeVeAlS2N2dO4w309w:tvVYvxg1peJ9q3z0",
      "domain": "accounts.google.com",
      "path": "/",
      "expires": 1750623909.727134,
      "size": 60,
      "httpOnly": true,
      "secure": true,
      "session": false,
      "sameParty": false,
      "sourceScheme": "Secure",
      "sourcePort": 443
    },
    {
      "name": "OTZ",
      "value": "7562665_34_34__34_",
      "domain": "accounts.google.com",
      "path": "/",
      "expires": 1718655895,
      "size": 21,
      "httpOnly": false,
      "secure": true,
      "session": false,
      "sameParty": false,
      "sourceScheme": "Secure",
      "sourcePort": 443
    }
  ]